Augrek Brighthelm,0,https://www.jsigvard.com/dnd/monster.php?m=Augrek Brighthelm,Humanoid (shield Dwarf)
Awakened Shrub,0,https://www.jsigvard.com/dnd/monster.php?m=Awakened Shrub,Plant
Baboon,0,https://www.jsigvard.com/dnd/monster.php?m=Baboon,Beast
Badger,0,https://www.jsigvard.com/dnd/monster.php?m=Badger,Beast
Bat,0,https://www.jsigvard.com/dnd/monster.php?m=Bat,Beast
Beldora,0,https://www.jsigvard.com/dnd/monster.php?m=Beldora,Humanoid (illuskan Human)
Cat,0,https://www.jsigvard.com/dnd/monster.php?m=Cat,Beast
Commoner,0,https://www.jsigvard.com/dnd/monster.php?m=Commoner,Humanoid (any Race)
Crab,0,https://www.jsigvard.com/dnd/monster.php?m=Crab,Beast
Cranium Rat,0,https://www.jsigvard.com/dnd/monster.php?m=Cranium Rat,Beast
Crawling Claw,0,https://www.jsigvard.com/dnd/monster.php?m=Crawling Claw,Undead
Darathra Shendrel,0,https://www.jsigvard.com/dnd/monster.php?m=Darathra Shendrel,Humanoid (illuskan Humanoid)
Darz Helgar,0,https://www.jsigvard.com/dnd/monster.php?m=Darz Helgar,Humanoid (illuskan Human)
Deer,0,https://www.jsigvard.com/dnd/monster.php?m=Deer,Beast
Duvessa Shane,0,https://www.jsigvard.com/dnd/monster.php?m=Duvessa Shane,Humanoid (illuskan Human)
Eagle,0,https://www.jsigvard.com/dnd/monster.php?m=Eagle,Beast
Frog,0,https://www.jsigvard.com/dnd/monster.php?m=Frog,Beast
Giant Fire Beetle,0,https://www.jsigvard.com/dnd/monster.php?m=Giant Fire Beetle,Beast
Giant Fly,0,https://www.jsigvard.com/dnd/monster.php?m=Giant Fly,Beast
Goat,0,https://www.jsigvard.com/dnd/monster.php?m=Goat,Beast
Hawk,0,https://www.jsigvard.com/dnd/monster.php?m=Hawk,Beast
Homunculus,0,https://www.jsigvard.com/dnd/monster.php?m=Homunculus,Construct
Hyena,0,https://www.jsigvard.com/dnd/monster.php?m=Hyena,Beast
Jackal,0,https://www.jsigvard.com/dnd/monster.php?m=Jackal,Beast
Lemure,0,https://www.jsigvard.com/dnd/monster.php?m=Lemure,Fiend (devil)
Lifferlas,0,https://www.jsigvard.com/dnd/monster.php?m=Lifferlas,Plant
Lizard,0,https://www.jsigvard.com/dnd/monster.php?m=Lizard,Beast
Markham Southwell,0,https://www.jsigvard.com/dnd/monster.php?m=Markham Southwell,Humanoid (turami Human)
Miros Xelbrin,0,https://www.jsigvard.com/dnd/monster.php?m=Miros Xelbrin,Humanoid (damaran Human)
Myconid Sprout,0,https://www.jsigvard.com/dnd/monster.php?m=Myconid Sprout,Plant
Narth Tezrin,0,https://www.jsigvard.com/dnd/monster.php?m=Narth Tezrin,Humanoid (tethyrian Human)
Naxene Drathkala,0,https://www.jsigvard.com/dnd/monster.php?m=Naxene Drathkala,Humanoid (turami Human)
Octopus,0,https://www.jsigvard.com/dnd/monster.php?m=Octopus,Beast
Oren Yogilvy,0,https://www.jsigvard.com/dnd/monster.php?m=Oren Yogilvy,Humanoid (strongheart Halfling)
Owl,0,https://www.jsigvard.com/dnd/monster.php?m=Owl,Beast
Quipper,0,https://www.jsigvard.com/dnd/monster.php?m=Quipper,Beast
Rat,0,https://www.jsigvard.com/dnd/monster.php?m=Rat,Beast
Raven,0,https://www.jsigvard.com/dnd/monster.php?m=Raven,Beast
Scorpion,0,https://www.jsigvard.com/dnd/monster.php?m=Scorpion,Beast
Sea Horse,0,https://www.jsigvard.com/dnd/monster.php?m=Sea Horse,Beast
Shalvus Martholio,0,https://www.jsigvard.com/dnd/monster.php?m=Shalvus Martholio,Humanoid (turami Human)
Shrieker,0,https://www.jsigvard.com/dnd/monster.php?m=Shrieker,Plant
Sir Baric Nylef,0,https://www.jsigvard.com/dnd/monster.php?m=Sir Baric Nylef,Humanoid (illuskan Human)
Sirac of Suzail,0,https://www.jsigvard.com/dnd/monster.php?m=Sirac of Suzail,Humanoid (chondathan Human)
Spider,0,https://www.jsigvard.com/dnd/monster.php?m=Spider,Beast
Tressym,0,https://www.jsigvard.com/dnd/monster.php?m=Tressym,Beast
Vulture,0,https://www.jsigvard.com/dnd/monster.php?m=Vulture,Beast
Weasel,0,https://www.jsigvard.com/dnd/monster.php?m=Weasel,Beast
Zi Liang,0,https://www.jsigvard.com/dnd/monster.php?m=Zi Liang,Humanoid (shou Human)
Ambush Drake,1/2,https://www.jsigvard.com/dnd/monster.php?m=Ambush Drake,Dragon
Ape,1/2,https://www.jsigvard.com/dnd/monster.php?m=Ape,Beast
Barovian Witch,1/2,https://www.jsigvard.com/dnd/monster.php?m=Barovian Witch,Humanoid (human)
Black Bear,1/2,https://www.jsigvard.com/dnd/monster.php?m=Black Bear,Beast
Chitine,1/2,https://www.jsigvard.com/dnd/monster.php?m=Chitine,Monstrosity
Cockatrice,1/2,https://www.jsigvard.com/dnd/monster.php?m=Cockatrice,Monstrosity
Crocodile,1/2,https://www.jsigvard.com/dnd/monster.php?m=Crocodile,Beast
Crushing Wave Reaver,1/2,https://www.jsigvard.com/dnd/monster.php?m=Crushing Wave Reaver,Humanoid (human)
Darkling,1/2,https://www.jsigvard.com/dnd/monster.php?m=Darkling,Fey
Darkmantle,1/2,https://www.jsigvard.com/dnd/monster.php?m=Darkmantle,Monstrosity
Deep Gnome (Svirfneblin),1/2,https://www.jsigvard.com/dnd/monster.php?m=Deep Gnome (Svirfneblin),Humanoid (gnome)
Duergar Spore Servant,1/2,https://www.jsigvard.com/dnd/monster.php?m=Duergar Spore Servant,Plant
Dust Mephit,1/2,https://www.jsigvard.com/dnd/monster.php?m=Dust Mephit,Elemental
Firenewt Warrior,1/2,https://www.jsigvard.com/dnd/monster.php?m=Firenewt Warrior,Humanoid (firenewt)
Gas Spore,1/2,https://www.jsigvard.com/dnd/monster.php?m=Gas Spore,Plant
Gazer,1/2,https://www.jsigvard.com/dnd/monster.php?m=Gazer,Aberration
Giant Goat,1/2,https://www.jsigvard.com/dnd/monster.php?m=Giant Goat,Beast
Giant Sea Horse,1/2,https://www.jsigvard.com/dnd/monster.php?m=Giant Sea Horse,Beast
Giant Wasp,1/2,https://www.jsigvard.com/dnd/monster.php?m=Giant Wasp,Beast
Gnoll,1/2,https://www.jsigvard.com/dnd/monster.php?m=Gnoll,Humanoid (gnoll)
Gnoll Hunter,1/2,https://www.jsigvard.com/dnd/monster.php?m=Gnoll Hunter,Humanoid (gnoll)
Gray Ooze,1/2,https://www.jsigvard.com/dnd/monster.php?m=Gray Ooze,Ooze
Gray Ooze (Psychic),1/2,https://www.jsigvard.com/dnd/monster.php?m=Gray Ooze (Psychic),Ooze
Hobgoblin,1/2,https://www.jsigvard.com/dnd/monster.php?m=Hobgoblin,Humanoid (goblinoid)
Ice Mephit,1/2,https://www.jsigvard.com/dnd/monster.php?m=Ice Mephit,Elemental
Jackalwere,1/2,https://www.jsigvard.com/dnd/monster.php?m=Jackalwere,Humanoid (shapechanger)
Lizardfolk,1/2,https://www.jsigvard.com/dnd/monster.php?m=Lizardfolk,Humanoid (lizardfolk)
Magma Mephit,1/2,https://www.jsigvard.com/dnd/monster.php?m=Magma Mephit,Elemental
Magmin,1/2,https://www.jsigvard.com/dnd/monster.php?m=Magmin,Elemental
Myconid Adult,1/2,https://www.jsigvard.com/dnd/monster.php?m=Myconid Adult,Plant
Orc,1/2,https://www.jsigvard.com/dnd/monster.php?m=Orc,Humanoid (orc)
Orc Nurtured One of Yurtrus,1/2,https://www.jsigvard.com/dnd/monster.php?m=Orc Nurtured One of Yurtrus,Humanoid (orc)
Piercer,1/2,https://www.jsigvard.com/dnd/monster.php?m=Piercer,Monstrosity
Redbrand Ruffian,1/2,https://www.jsigvard.com/dnd/monster.php?m=Redbrand Ruffian,Humanoid (human)
Reef Shark,1/2,https://www.jsigvard.com/dnd/monster.php?m=Reef Shark,Beast
Rust Monster,1/2,https://www.jsigvard.com/dnd/monster.php?m=Rust Monster,Monstrosity
Sacred Stone Monk,1/2,https://www.jsigvard.com/dnd/monster.php?m=Sacred Stone Monk,Humanoid (human)
Sahuagin,1/2,https://www.jsigvard.com/dnd/monster.php?m=Sahuagin,Humanoid (sahuagin)
Satyr,1/2,https://www.jsigvard.com/dnd/monster.php?m=Satyr,Fey
Scout,1/2,https://www.jsigvard.com/dnd/monster.php?m=Scout,Humanoid (any Race)
Shadow,1/2,https://www.jsigvard.com/dnd/monster.php?m=Shadow,Undead
Sharwyn Hucrele,1/2,https://www.jsigvard.com/dnd/monster.php?m=Sharwyn Hucrele,Humanoid (human)
Sir Braford,1/2,https://www.jsigvard.com/dnd/monster.php?m=Sir Braford,Humanoid (human)
Swarm of Beetles,1/2,https://www.jsigvard.com/dnd/monster.php?m=Swarm of Beetles,Swarm
Swarm of Centipedes,1/2,https://www.jsigvard.com/dnd/monster.php?m=Swarm of Centipedes,Swarm
Swarm of Insects,1/2,https://www.jsigvard.com/dnd/monster.php?m=Swarm of Insects,Swarm
Swarm of Rot Grubs,1/2,https://www.jsigvard.com/dnd/monster.php?m=Swarm of Rot Grubs,Swarm
Swarm of Spiders,1/2,https://www.jsigvard.com/dnd/monster.php?m=Swarm of Spiders,Swarm
Swarm of Wasps,1/2,https://www.jsigvard.com/dnd/monster.php?m=Swarm of Wasps,Swarm
Thorn Slinger,1/2,https://www.jsigvard.com/dnd/monster.php?m=Thorn Slinger,Plant
Thug,1/2,https://www.jsigvard.com/dnd/monster.php?m=Thug,Humanoid (any Race)
Tridrone,1/2,https://www.jsigvard.com/dnd/monster.php?m=Tridrone,Construct
Vine Blight,1/2,https://www.jsigvard.com/dnd/monster.php?m=Vine Blight,Plant
Warhorse,1/2,https://www.jsigvard.com/dnd/monster.php?m=Warhorse,Beast
Warhorse Skeleton,1/2,https://www.jsigvard.com/dnd/monster.php?m=Warhorse Skeleton,Undead
Worg,1/2,https://www.jsigvard.com/dnd/monster.php?m=Worg,Monstrosity
Aarakocra,1/4,https://www.jsigvard.com/dnd/monster.php?m=Aarakocra,Humanoid (aarakocra)
Acolyte,1/4,https://www.jsigvard.com/dnd/monster.php?m=Acolyte,Humanoid (any Race)
Apprentice Wizard,1/4,https://www.jsigvard.com/dnd/monster.php?m=Apprentice Wizard,Humanoid (any Race)
Axe Beak,1/4,https://www.jsigvard.com/dnd/monster.php?m=Axe Beak,Beast
Blink Dog,1/4,https://www.jsigvard.com/dnd/monster.php?m=Blink Dog,Fey
Boar,1/4,https://www.jsigvard.com/dnd/monster.php?m=Boar,Beast
Broom of Animated Attack,1/4,https://www.jsigvard.com/dnd/monster.php?m=Broom of Animated Attack,Construct
Bullywug,1/4,https://www.jsigvard.com/dnd/monster.php?m=Bullywug,Humanoid (bullywug)
Constrictor Snake,1/4,https://www.jsigvard.com/dnd/monster.php?m=Constrictor Snake,Beast
Cow,1/4,https://www.jsigvard.com/dnd/monster.php?m=Cow,Beast
Deep Rothe,1/4,https://www.jsigvard.com/dnd/monster.php?m=Deep Rothe,Beast
Derro,1/4,https://www.jsigvard.com/dnd/monster.php?m=Derro,Humanoid (derro)
Dimetrodon,1/4,https://www.jsigvard.com/dnd/monster.php?m=Dimetrodon,Beast
Draft Horse,1/4,https://www.jsigvard.com/dnd/monster.php?m=Draft Horse,Beast
Dretch,1/4,https://www.jsigvard.com/dnd/monster.php?m=Dretch,Fiend (demon)
Drow,1/4,https://www.jsigvard.com/dnd/monster.php?m=Drow,Humanoid (elf)
Duodrone,1/4,https://www.jsigvard.com/dnd/monster.php?m=Duodrone,Construct
Elk,1/4,https://www.jsigvard.com/dnd/monster.php?m=Elk,Beast
Flying Sword,1/4,https://www.jsigvard.com/dnd/monster.php?m=Flying Sword,Construct
Giant Badger,1/4,https://www.jsigvard.com/dnd/monster.php?m=Giant Badger,Beast
Giant Bat,1/4,https://www.jsigvard.com/dnd/monster.php?m=Giant Bat,Beast
Giant Centipede,1/4,https://www.jsigvard.com/dnd/monster.php?m=Giant Centipede,Beast
Giant Frog,1/4,https://www.jsigvard.com/dnd/monster.php?m=Giant Frog,Beast
Giant Lizard,1/4,https://www.jsigvard.com/dnd/monster.php?m=Giant Lizard,Beast
Giant Owl,1/4,https://www.jsigvard.com/dnd/monster.php?m=Giant Owl,Beast
Giant Poisonous Snake,1/4,https://www.jsigvard.com/dnd/monster.php?m=Giant Poisonous Snake,Beast
Giant Wolf Spider,1/4,https://www.jsigvard.com/dnd/monster.php?m=Giant Wolf Spider,Beast
Gnoll Witherling,1/4,https://www.jsigvard.com/dnd/monster.php?m=Gnoll Witherling,Undead
Goblin,1/4,https://www.jsigvard.com/dnd/monster.php?m=Goblin,Humanoid (goblinoid)
Grimlock,1/4,https://www.jsigvard.com/dnd/monster.php?m=Grimlock,Humanoid (grimlock)
Grung,1/4,https://www.jsigvard.com/dnd/monster.php?m=Grung,Humanoid (grung)
Hadrosaurus,1/4,https://www.jsigvard.com/dnd/monster.php?m=Hadrosaurus,Beast
Ixitxachitl,1/4,https://www.jsigvard.com/dnd/monster.php?m=Ixitxachitl,Aberration
Ixitxachitl Cleric,1/4,https://www.jsigvard.com/dnd/monster.php?m=Ixitxachitl Cleric,Aberration
Kenku,1/4,https://www.jsigvard.com/dnd/monster.php?m=Kenku,Humanoid (kenku)
Kobold Inventor,1/4,https://www.jsigvard.com/dnd/monster.php?m=Kobold Inventor,Humanoid (kobold)
Kuo-Toa,1/4,https://www.jsigvard.com/dnd/monster.php?m=Kuo-Toa,Humanoid (kuo-toa)
Male Steeder,1/4,https://www.jsigvard.com/dnd/monster.php?m=Male Steeder,Beast
Mongrelfolk,1/4,https://www.jsigvard.com/dnd/monster.php?m=Mongrelfolk,Humanoid (mongrelfolk)
Mud Mephit,1/4,https://www.jsigvard.com/dnd/monster.php?m=Mud Mephit,Elemental
Needle Blight,1/4,https://www.jsigvard.com/dnd/monster.php?m=Needle Blight,Plant
Ox,1/4,https://www.jsigvard.com/dnd/monster.php?m=Ox,Beast
Panther,1/4,https://www.jsigvard.com/dnd/monster.php?m=Panther,Beast
Pidlwick II,1/4,https://www.jsigvard.com/dnd/monster.php?m=Pidlwick II,Construct
Pixie,1/4,https://www.jsigvard.com/dnd/monster.php?m=Pixie,Fey
Pseudodragon,1/4,https://www.jsigvard.com/dnd/monster.php?m=Pseudodragon,Dragon
Pteranodon,1/4,https://www.jsigvard.com/dnd/monster.php?m=Pteranodon,Beast
Riding Horse,1/4,https://www.jsigvard.com/dnd/monster.php?m=Riding Horse,Beast
Rothe,1/4,https://www.jsigvard.com/dnd/monster.php?m=Rothe,Beast
Skeleton,1/4,https://www.jsigvard.com/dnd/monster.php?m=Skeleton,Undead
Smoke Mephit,1/4,https://www.jsigvard.com/dnd/monster.php?m=Smoke Mephit,Elemental
Sprite,1/4,https://www.jsigvard.com/dnd/monster.php?m=Sprite,Fey
Steam Mephit,1/4,https://www.jsigvard.com/dnd/monster.php?m=Steam Mephit,Elemental
Stench Kow,1/4,https://www.jsigvard.com/dnd/monster.php?m=Stench Kow,Beast
Swarm of Bats,1/4,https://www.jsigvard.com/dnd/monster.php?m=Swarm of Bats,Swarm
Swarm of Rats,1/4,https://www.jsigvard.com/dnd/monster.php?m=Swarm of Rats,Swarm
Swarm of Ravens,1/4,https://www.jsigvard.com/dnd/monster.php?m=Swarm of Ravens,Swarm
Troglodyte,1/4,https://www.jsigvard.com/dnd/monster.php?m=Troglodyte,Humanoid (troglodyte)
Vegepygmy,1/4,https://www.jsigvard.com/dnd/monster.php?m=Vegepygmy,Plant
Velociraptor,1/4,https://www.jsigvard.com/dnd/monster.php?m=Velociraptor,Beast
Violet Fungus,1/4,https://www.jsigvard.com/dnd/monster.php?m=Violet Fungus,Plant
Winged Kobold,1/4,https://www.jsigvard.com/dnd/monster.php?m=Winged Kobold,Humanoid (kobold)
Wolf,1/4,https://www.jsigvard.com/dnd/monster.php?m=Wolf,Beast
Zombie,1/4,https://www.jsigvard.com/dnd/monster.php?m=Zombie,Undead
Bandit,1/8,https://www.jsigvard.com/dnd/monster.php?m=Bandit,Humanoid (any Race)
Blood Hawk,1/8,https://www.jsigvard.com/dnd/monster.php?m=Blood Hawk,Beast
Boggle,1/8,https://www.jsigvard.com/dnd/monster.php?m=Boggle,Fey
Bridesmaid of Zuggtmoy,1/8,https://www.jsigvard.com/dnd/monster.php?m=Bridesmaid of Zuggtmoy,Plant
Camel,1/8,https://www.jsigvard.com/dnd/monster.php?m=Camel,Beast
Cultist,1/8,https://www.jsigvard.com/dnd/monster.php?m=Cultist,Humanoid (any Race)
Dolphin,1/8,https://www.jsigvard.com/dnd/monster.php?m=Dolphin,Beast
Drow Spore Servant,1/8,https://www.jsigvard.com/dnd/monster.php?m=Drow Spore Servant,Plant
Flumph,1/8,https://www.jsigvard.com/dnd/monster.php?m=Flumph,Aberration
Flying Snake,1/8,https://www.jsigvard.com/dnd/monster.php?m=Flying Snake,Beast
Giant Crab,1/8,https://www.jsigvard.com/dnd/monster.php?m=Giant Crab,Beast
Giant Rat,1/8,https://www.jsigvard.com/dnd/monster.php?m=Giant Rat,Beast
Giant Rat (Diseased),1/8,https://www.jsigvard.com/dnd/monster.php?m=Giant Rat (Diseased),Beast
Giant Weasel,1/8,https://www.jsigvard.com/dnd/monster.php?m=Giant Weasel,Beast
Guard,1/8,https://www.jsigvard.com/dnd/monster.php?m=Guard,Humanoid (any Race)
Howling Hatred Initiate,1/8,https://www.jsigvard.com/dnd/monster.php?m=Howling Hatred Initiate,Humanoid (human)
Kobold,1/8,https://www.jsigvard.com/dnd/monster.php?m=Kobold,Humanoid (kobold)
Manes,1/8,https://www.jsigvard.com/dnd/monster.php?m=Manes,Fiend (demon)
Mastiff,1/8,https://www.jsigvard.com/dnd/monster.php?m=Mastiff,Beast
Merfolk,1/8,https://www.jsigvard.com/dnd/monster.php?m=Merfolk,Humanoid (merfolk)
Monodrone,1/8,https://www.jsigvard.com/dnd/monster.php?m=Monodrone,Construct
Mule,1/8,https://www.jsigvard.com/dnd/monster.php?m=Mule,Beast
Neogi Hatchling,1/8,https://www.jsigvard.com/dnd/monster.php?m=Neogi Hatchling,Aberration
Noble,1/8,https://www.jsigvard.com/dnd/monster.php?m=Noble,Humanoid (any Race)
Poisonous Snake,1/8,https://www.jsigvard.com/dnd/monster.php?m=Poisonous Snake,Beast
Pony,1/8,https://www.jsigvard.com/dnd/monster.php?m=Pony,Beast
Slaad Tadpole,1/8,https://www.jsigvard.com/dnd/monster.php?m=Slaad Tadpole,Aberration
Stirge,1/8,https://www.jsigvard.com/dnd/monster.php?m=Stirge,Beast
Tribal Warrior,1/8,https://www.jsigvard.com/dnd/monster.php?m=Tribal Warrior,Humanoid (any Race)
Twig Blight,1/8,https://www.jsigvard.com/dnd/monster.php?m=Twig Blight,Plant
Xvart,1/8,https://www.jsigvard.com/dnd/monster.php?m=Xvart,Humanoid (xvart)
Xvart Speaker,1/8,https://www.jsigvard.com/dnd/monster.php?m=Xvart Speaker,Humanoid (xvart)
Avatar of Death,00,https://www.jsigvard.com/dnd/monster.php?m=Avatar of Death,Undead
Animated Armor,1,https://www.jsigvard.com/dnd/monster.php?m=Animated Armor,Construct
Brass Dragon Wyrmling,1,https://www.jsigvard.com/dnd/monster.php?m=Brass Dragon Wyrmling,Dragon
Brown Bear,1,https://www.jsigvard.com/dnd/monster.php?m=Brown Bear,Beast
Bugbear,1,https://www.jsigvard.com/dnd/monster.php?m=Bugbear,Humanoid (goblinoid)
Copper Dragon Wyrmling,1,https://www.jsigvard.com/dnd/monster.php?m=Copper Dragon Wyrmling,Dragon
Crag Cat,1,https://www.jsigvard.com/dnd/monster.php?m=Crag Cat,Beast
Death Dog,1,https://www.jsigvard.com/dnd/monster.php?m=Death Dog,Monstrosity
Deinonychus,1,https://www.jsigvard.com/dnd/monster.php?m=Deinonychus,Beast
Dire Wolf,1,https://www.jsigvard.com/dnd/monster.php?m=Dire Wolf,Beast
Dragonclaw,1,https://www.jsigvard.com/dnd/monster.php?m=Dragonclaw,Humanoid (human)
Dread Warrior,1,https://www.jsigvard.com/dnd/monster.php?m=Dread Warrior,Undead
Dryad,1,https://www.jsigvard.com/dnd/monster.php?m=Dryad,Fey
Duergar,1,https://www.jsigvard.com/dnd/monster.php?m=Duergar,Humanoid (dwarf)
Duergar Soulblade,1,https://www.jsigvard.com/dnd/monster.php?m=Duergar Soulblade,Humanoid (dwarf)
Evil Mage,1,https://www.jsigvard.com/dnd/monster.php?m=Evil Mage,Humanoid (human)
Faerie Dragon (Orange),1,https://www.jsigvard.com/dnd/monster.php?m=Faerie Dragon (Orange),Dragon
Faerie Dragon (Red),1,https://www.jsigvard.com/dnd/monster.php?m=Faerie Dragon (Red),Dragon
Faerie Dragon (Yellow),1,https://www.jsigvard.com/dnd/monster.php?m=Faerie Dragon (Yellow),Dragon
Feathergale Knight,1,https://www.jsigvard.com/dnd/monster.php?m=Feathergale Knight,Humanoid (human)
Female Steeder,1,https://www.jsigvard.com/dnd/monster.php?m=Female Steeder,Beast
Fire Snake,1,https://www.jsigvard.com/dnd/monster.php?m=Fire Snake,Elemental
Firenewt Warlock of Imix,1,https://www.jsigvard.com/dnd/monster.php?m=Firenewt Warlock of Imix,Humanoid (firenewt)
Ghoul,1,https://www.jsigvard.com/dnd/monster.php?m=Ghoul,Undead
Giant Eagle,1,https://www.jsigvard.com/dnd/monster.php?m=Giant Eagle,Beast
Giant Hyena,1,https://www.jsigvard.com/dnd/monster.php?m=Giant Hyena,Beast
Giant Octopus,1,https://www.jsigvard.com/dnd/monster.php?m=Giant Octopus,Beast
Giant Spider,1,https://www.jsigvard.com/dnd/monster.php?m=Giant Spider,Beast
Giant Strider,1,https://www.jsigvard.com/dnd/monster.php?m=Giant Strider,Monstrosity
Giant Toad,1,https://www.jsigvard.com/dnd/monster.php?m=Giant Toad,Beast
Giant Vulture,1,https://www.jsigvard.com/dnd/monster.php?m=Giant Vulture,Beast
Gnoll Flesh Gnawer,1,https://www.jsigvard.com/dnd/monster.php?m=Gnoll Flesh Gnawer,Humanoid (gnoll)
Goblin Boss,1,https://www.jsigvard.com/dnd/monster.php?m=Goblin Boss,Humanoid (goblinoid)
Grung Wildling,1,https://www.jsigvard.com/dnd/monster.php?m=Grung Wildling,Humanoid (grung)
Guardian Portrait,1,https://www.jsigvard.com/dnd/monster.php?m=Guardian Portrait,Construct
Half-Ogre (Ogrillon),1,https://www.jsigvard.com/dnd/monster.php?m=Half-Ogre (Ogrillon),Giant
Harpy,1,https://www.jsigvard.com/dnd/monster.php?m=Harpy,Monstrosity
Hippogriff,1,https://www.jsigvard.com/dnd/monster.php?m=Hippogriff,Monstrosity
Ice Toad,1,https://www.jsigvard.com/dnd/monster.php?m=Ice Toad,Monstrosity
Imp,1,https://www.jsigvard.com/dnd/monster.php?m=Imp,Fiend (devil)
Jamna Gleamsilver,1,https://www.jsigvard.com/dnd/monster.php?m=Jamna Gleamsilver,Humanoid (gnome)
Kobold Dragonshield,1,https://www.jsigvard.com/dnd/monster.php?m=Kobold Dragonshield,Humanoid (kobold)
Kobold Scale Sorcerer,1,https://www.jsigvard.com/dnd/monster.php?m=Kobold Scale Sorcerer,Humanoid (kobold)
Kuo-Toa Whip,1,https://www.jsigvard.com/dnd/monster.php?m=Kuo-Toa Whip,Humanoid (kuo-toa)
Lion,1,https://www.jsigvard.com/dnd/monster.php?m=Lion,Beast
Maw Demon,1,https://www.jsigvard.com/dnd/monster.php?m=Maw Demon,Fiend (demon)
Nilbog,1,https://www.jsigvard.com/dnd/monster.php?m=Nilbog,Humanoid (goblinoid)
Phantom Warrior,1,https://www.jsigvard.com/dnd/monster.php?m=Phantom Warrior,Undead
Quadrone,1,https://www.jsigvard.com/dnd/monster.php?m=Quadrone,Construct
Quaggoth Spore Servant,1,https://www.jsigvard.com/dnd/monster.php?m=Quaggoth Spore Servant,Plant
Quasit,1,https://www.jsigvard.com/dnd/monster.php?m=Quasit,Fiend (demon)
Quickling,1,https://www.jsigvard.com/dnd/monster.php?m=Quickling,Fey
Scarecrow,1,https://www.jsigvard.com/dnd/monster.php?m=Scarecrow,Construct
Sea Spawn,1,https://www.jsigvard.com/dnd/monster.php?m=Sea Spawn,Humanoid
Sildar Hallwinter,1,https://www.jsigvard.com/dnd/monster.php?m=Sildar Hallwinter,Humanoid (human)
Specter,1,https://www.jsigvard.com/dnd/monster.php?m=Specter,Undead
Spy,1,https://www.jsigvard.com/dnd/monster.php?m=Spy,Humanoid (any Race)
Strahd Zombie,1,https://www.jsigvard.com/dnd/monster.php?m=Strahd Zombie,Undead
Swarm of Quippers,1,https://www.jsigvard.com/dnd/monster.php?m=Swarm of Quippers,Swarm
Thorny,1,https://www.jsigvard.com/dnd/monster.php?m=Thorny,Plant
Thri-kreen,1,https://www.jsigvard.com/dnd/monster.php?m=Thri-kreen,Humanoid (thri-kreen)
Thri-kreen (Psionic),1,https://www.jsigvard.com/dnd/monster.php?m=Thri-kreen (Psionic),Humanoid (thri-kreen)
Tiger,1,https://www.jsigvard.com/dnd/monster.php?m=Tiger,Beast
Vargouille,1,https://www.jsigvard.com/dnd/monster.php?m=Vargouille,Fiend
Xvart Warlock of Raxivort,1,https://www.jsigvard.com/dnd/monster.php?m=Xvart Warlock of Raxivort,Humanoid (xvart)
Yuan-ti Pureblood,1,https://www.jsigvard.com/dnd/monster.php?m=Yuan-ti Pureblood,Humanoid (yuan-ti)
Yusdrayl,1,https://www.jsigvard.com/dnd/monster.php?m=Yusdrayl,Humanoid (kobold)
Allosaurus,2,https://www.jsigvard.com/dnd/monster.php?m=Allosaurus,Beast
Animated Table,2,https://www.jsigvard.com/dnd/monster.php?m=Animated Table,Construct
Ankheg,2,https://www.jsigvard.com/dnd/monster.php?m=Ankheg,Monstrosity
Aurochs,2,https://www.jsigvard.com/dnd/monster.php?m=Aurochs,Beast
Awakened Tree,2,https://www.jsigvard.com/dnd/monster.php?m=Awakened Tree,Plant
Awakened Zurkhwood,2,https://www.jsigvard.com/dnd/monster.php?m=Awakened Zurkhwood,Plant
Azer,2,https://www.jsigvard.com/dnd/monster.php?m=Azer,Elemental
Bandit Captain,2,https://www.jsigvard.com/dnd/monster.php?m=Bandit Captain,Humanoid (any Race)
Bard,2,https://www.jsigvard.com/dnd/monster.php?m=Bard,Humanoid (any Race)
Berserker,2,https://www.jsigvard.com/dnd/monster.php?m=Berserker,Humanoid (any Race)
Black Dragon Wyrmling,2,https://www.jsigvard.com/dnd/monster.php?m=Black Dragon Wyrmling,Dragon
Black Earth Guard,2,https://www.jsigvard.com/dnd/monster.php?m=Black Earth Guard,Humanoid (human)
Black Guard Drake,2,https://www.jsigvard.com/dnd/monster.php?m=Black Guard Drake,Dragon
Blue Guard Drake,2,https://www.jsigvard.com/dnd/monster.php?m=Blue Guard Drake,Dragon
Bronze Dragon Wyrmling,2,https://www.jsigvard.com/dnd/monster.php?m=Bronze Dragon Wyrmling,Dragon
Carrion Crawler,2,https://www.jsigvard.com/dnd/monster.php?m=Carrion Crawler,Monstrosity
Cave Bear,2,https://www.jsigvard.com/dnd/monster.php?m=Cave Bear,Beast
Centaur,2,https://www.jsigvard.com/dnd/monster.php?m=Centaur,Monstrosity
Chamberlain of Zuggtmoy,2,https://www.jsigvard.com/dnd/monster.php?m=Chamberlain of Zuggtmoy,Plant
Crushing Wave Priest,2,https://www.jsigvard.com/dnd/monster.php?m=Crushing Wave Priest,Humanoid (human)
Cult Fanatic,2,https://www.jsigvard.com/dnd/monster.php?m=Cult Fanatic,Humanoid (any Race)
Darkling Elder,2,https://www.jsigvard.com/dnd/monster.php?m=Darkling Elder,Fey
Dragonwing,2,https://www.jsigvard.com/dnd/monster.php?m=Dragonwing,Humanoid (human)
Droki,2,https://www.jsigvard.com/dnd/monster.php?m=Droki,Humanoid (derro)
Druid,2,https://www.jsigvard.com/dnd/monster.php?m=Druid,Humanoid (any Race)
Duergar Darkhaft,2,https://www.jsigvard.com/dnd/monster.php?m=Duergar Darkhaft,Humanoid (dwarf)
Duergar Kavalrachni,2,https://www.jsigvard.com/dnd/monster.php?m=Duergar Kavalrachni,Humanoid (dwarf)
Duergar Keeper of the Flame,2,https://www.jsigvard.com/dnd/monster.php?m=Duergar Keeper of the Flame,Humanoid (dwarf)
Duergar Spy,2,https://www.jsigvard.com/dnd/monster.php?m=Duergar Spy,Humanoid (dwarf)
Duergar Stone Guard,2,https://www.jsigvard.com/dnd/monster.php?m=Duergar Stone Guard,Humanoid (dwarf)
Duergar Xarron,2,https://www.jsigvard.com/dnd/monster.php?m=Duergar Xarron,Humanoid (dwarf)
Eternal Flame Guardian,2,https://www.jsigvard.com/dnd/monster.php?m=Eternal Flame Guardian,Humanoid (human)
Ettercap,2,https://www.jsigvard.com/dnd/monster.php?m=Ettercap,Monstrosity
Faerie Dragon (Blue),2,https://www.jsigvard.com/dnd/monster.php?m=Faerie Dragon (Blue),Dragon
Faerie Dragon (Green),2,https://www.jsigvard.com/dnd/monster.php?m=Faerie Dragon (Green),Dragon
Faerie Dragon (Indigo),2,https://www.jsigvard.com/dnd/monster.php?m=Faerie Dragon (Indigo),Dragon
Faerie Dragon (Violet),2,https://www.jsigvard.com/dnd/monster.php?m=Faerie Dragon (Violet),Dragon
Fathomer,2,https://www.jsigvard.com/dnd/monster.php?m=Fathomer,Humanoid (human)
Frulam Mondath,2,https://www.jsigvard.com/dnd/monster.php?m=Frulam Mondath,Humanoid (human)
Gargoyle,2,https://www.jsigvard.com/dnd/monster.php?m=Gargoyle,Elemental
Gelatinous Cube,2,https://www.jsigvard.com/dnd/monster.php?m=Gelatinous Cube,Ooze
Ghast,2,https://www.jsigvard.com/dnd/monster.php?m=Ghast,Undead
Giant Boar,2,https://www.jsigvard.com/dnd/monster.php?m=Giant Boar,Beast
Giant Constrictor Snake,2,https://www.jsigvard.com/dnd/monster.php?m=Giant Constrictor Snake,Beast
Giant Crayfish,2,https://www.jsigvard.com/dnd/monster.php?m=Giant Crayfish,Beast
Giant Elk,2,https://www.jsigvard.com/dnd/monster.php?m=Giant Elk,Beast
Gibbering Mouther,2,https://www.jsigvard.com/dnd/monster.php?m=Gibbering Mouther,Aberration
Githzerai Monk,2,https://www.jsigvard.com/dnd/monster.php?m=Githzerai Monk,Humanoid (gith)
Gnoll Pack Lord,2,https://www.jsigvard.com/dnd/monster.php?m=Gnoll Pack Lord,Humanoid (gnoll)
Green Dragon Wyrmling,2,https://www.jsigvard.com/dnd/monster.php?m=Green Dragon Wyrmling,Dragon
Green Guard Drake,2,https://www.jsigvard.com/dnd/monster.php?m=Green Guard Drake,Dragon
Grick,2,https://www.jsigvard.com/dnd/monster.php?m=Grick,Monstrosity
Griffon,2,https://www.jsigvard.com/dnd/monster.php?m=Griffon,Monstrosity
Grisha,2,https://www.jsigvard.com/dnd/monster.php?m=Grisha,Humanoid (damaran Human)
Grung Elite Warrior,2,https://www.jsigvard.com/dnd/monster.php?m=Grung Elite Warrior,Humanoid (grung)
Guard Drake,2,https://www.jsigvard.com/dnd/monster.php?m=Guard Drake,Dragon
Hobgoblin Iron Shadow,2,https://www.jsigvard.com/dnd/monster.php?m=Hobgoblin Iron Shadow,Humanoid (goblinoid)
Howling Hatred Priest,2,https://www.jsigvard.com/dnd/monster.php?m=Howling Hatred Priest,Humanoid (human)
Hunter Shark,2,https://www.jsigvard.com/dnd/monster.php?m=Hunter Shark,Beast
Hurricane,2,https://www.jsigvard.com/dnd/monster.php?m=Hurricane,Humanoid (human)
Intellect Devourer,2,https://www.jsigvard.com/dnd/monster.php?m=Intellect Devourer,Aberration
Kuo-Toa Monitor,2,https://www.jsigvard.com/dnd/monster.php?m=Kuo-Toa Monitor,Humanoid (kuo-toa)
Lizardfolk Shaman,2,https://www.jsigvard.com/dnd/monster.php?m=Lizardfolk Shaman,Humanoid (lizardfolk)
Meenlock,2,https://www.jsigvard.com/dnd/monster.php?m=Meenlock,Fey
Merrow,2,https://www.jsigvard.com/dnd/monster.php?m=Merrow,Monstrosity
Mimic,2,https://www.jsigvard.com/dnd/monster.php?m=Mimic,Monstrosity (shapechanger)
Minotaur Skeleton,2,https://www.jsigvard.com/dnd/monster.php?m=Minotaur Skeleton,Undead
Myconid Sovereign,2,https://www.jsigvard.com/dnd/monster.php?m=Myconid Sovereign,Plant
Narrak,2,https://www.jsigvard.com/dnd/monster.php?m=Narrak,Humanoid (derro)
Nereid,2,https://www.jsigvard.com/dnd/monster.php?m=Nereid,Fey
Nezznar the Black Spider,2,https://www.jsigvard.com/dnd/monster.php?m=Nezznar the Black Spider,Humanoid (elf)
Nothic,2,https://www.jsigvard.com/dnd/monster.php?m=Nothic,Aberration
Ochre Jelly,2,https://www.jsigvard.com/dnd/monster.php?m=Ochre Jelly,Ooze
Ogre,2,https://www.jsigvard.com/dnd/monster.php?m=Ogre,Giant
Ogre Zombie,2,https://www.jsigvard.com/dnd/monster.php?m=Ogre Zombie,Undead
Orc Claw of Luthic,2,https://www.jsigvard.com/dnd/monster.php?m=Orc Claw of Luthic,Humanoid (orc)
Orc Eye of Gruumsh,2,https://www.jsigvard.com/dnd/monster.php?m=Orc Eye of Gruumsh,Humanoid (orc)
Orc Hand of Yurtrus,2,https://www.jsigvard.com/dnd/monster.php?m=Orc Hand of Yurtrus,Humanoid (orc)
Oreioth,2,https://www.jsigvard.com/dnd/monster.php?m=Oreioth,Humanoid (human)
Orog,2,https://www.jsigvard.com/dnd/monster.php?m=Orog,Humanoid (orc)
Pegasus,2,https://www.jsigvard.com/dnd/monster.php?m=Pegasus,Celestial
Pentadrone,2,https://www.jsigvard.com/dnd/monster.php?m=Pentadrone,Construct
Peryton,2,https://www.jsigvard.com/dnd/monster.php?m=Peryton,Monstrosity
Plesiosaurus,2,https://www.jsigvard.com/dnd/monster.php?m=Plesiosaurus,Beast
Polar Bear,2,https://www.jsigvard.com/dnd/monster.php?m=Polar Bear,Beast
Poltergeist,2,https://www.jsigvard.com/dnd/monster.php?m=Poltergeist,Undead
Priest,2,https://www.jsigvard.com/dnd/monster.php?m=Priest,Humanoid (any Race)
Purple Wormling,2,https://www.jsigvard.com/dnd/monster.php?m=Purple Wormling,Monstrosity
Quaggoth,2,https://www.jsigvard.com/dnd/monster.php?m=Quaggoth,Humanoid (quaggoth)
Quetzalcoatlus,2,https://www.jsigvard.com/dnd/monster.php?m=Quetzalcoatlus,Beast
Red Guard Drake,2,https://www.jsigvard.com/dnd/monster.php?m=Red Guard Drake,Dragon
Rhinoceros,2,https://www.jsigvard.com/dnd/monster.php?m=Rhinoceros,Beast
Rug of Smothering,2,https://www.jsigvard.com/dnd/monster.php?m=Rug of Smothering,Construct
Saber-Toothed Tiger,2,https://www.jsigvard.com/dnd/monster.php?m=Saber-Toothed Tiger,Beast
Sahuagin Priestess,2,https://www.jsigvard.com/dnd/monster.php?m=Sahuagin Priestess,Humanoid (sahuagin)
Sea Hag,2,https://www.jsigvard.com/dnd/monster.php?m=Sea Hag,Fey
Shadow Mastiff,2,https://www.jsigvard.com/dnd/monster.php?m=Shadow Mastiff,Monstrosity
Silver Dragon Wyrmling,2,https://www.jsigvard.com/dnd/monster.php?m=Silver Dragon Wyrmling,Dragon
Spined Devil,2,https://www.jsigvard.com/dnd/monster.php?m=Spined Devil,Fiend (devil)
Swarm of Poisonous Snakes,2,https://www.jsigvard.com/dnd/monster.php?m=Swarm of Poisonous Snakes,Swarm
Thayan Warrior,2,https://www.jsigvard.com/dnd/monster.php?m=Thayan Warrior,Humanoid (human)
Uthgardt Shaman,2,https://www.jsigvard.com/dnd/monster.php?m=Uthgardt Shaman,Humanoid (human)
Vampiric Ixitxachitl,2,https://www.jsigvard.com/dnd/monster.php?m=Vampiric Ixitxachitl,Aberration
Vampiric Ixitxachitl Cleric,2,https://www.jsigvard.com/dnd/monster.php?m=Vampiric Ixitxachitl Cleric,Aberration
Vegepygmy Chief,2,https://www.jsigvard.com/dnd/monster.php?m=Vegepygmy Chief,Plant
Wererat,2,https://www.jsigvard.com/dnd/monster.php?m=Wererat,Humanoid (human, Shapechanger)
Wereraven,2,https://www.jsigvard.com/dnd/monster.php?m=Wereraven,Humanoid (human, Shapechanger)
White Dragon Wyrmling,2,https://www.jsigvard.com/dnd/monster.php?m=White Dragon Wyrmling,Dragon
White Guard Drake,2,https://www.jsigvard.com/dnd/monster.php?m=White Guard Drake,Dragon
Wiggan Nettlebee,2,https://www.jsigvard.com/dnd/monster.php?m=Wiggan Nettlebee,Humanoid (halfling)
Will-o'-Wisp,2,https://www.jsigvard.com/dnd/monster.php?m=Will-o-Wisp,Undead
Yuan-ti Broodguard,2,https://www.jsigvard.com/dnd/monster.php?m=Yuan-ti Broodguard,Humanoid (yuan-ti)
Ankylosaurus,3,https://www.jsigvard.com/dnd/monster.php?m=Ankylosaurus,Beast
Archer,3,https://www.jsigvard.com/dnd/monster.php?m=Archer,Humanoid (any Race)
Basilisk,3,https://www.jsigvard.com/dnd/monster.php?m=Basilisk,Monstrosity
Bearded Devil,3,https://www.jsigvard.com/dnd/monster.php?m=Bearded Devil,Fiend (devil)
Black Earth Priest,3,https://www.jsigvard.com/dnd/monster.php?m=Black Earth Priest,Humanoid (human)
Blue Dragon Wyrmling,3,https://www.jsigvard.com/dnd/monster.php?m=Blue Dragon Wyrmling,Dragon
Bugbear Chief,3,https://www.jsigvard.com/dnd/monster.php?m=Bugbear Chief,Humanoid (goblinoid)
Cave Fisher,3,https://www.jsigvard.com/dnd/monster.php?m=Cave Fisher,Monstrosity
Choldrith,3,https://www.jsigvard.com/dnd/monster.php?m=Choldrith,Monstrosity
Dark Tide Knight,3,https://www.jsigvard.com/dnd/monster.php?m=Dark Tide Knight,Humanoid (human)
Deathlock Wight,3,https://www.jsigvard.com/dnd/monster.php?m=Deathlock Wight,Undead
Deep Scion,3,https://www.jsigvard.com/dnd/monster.php?m=Deep Scion,Humanoid (shapechanger)
Derro Savant,3,https://www.jsigvard.com/dnd/monster.php?m=Derro Savant,Humanoid (derro)
Displacer Beast,3,https://www.jsigvard.com/dnd/monster.php?m=Displacer Beast,Monstrosity
Doppelganger,3,https://www.jsigvard.com/dnd/monster.php?m=Doppelganger,Monstrosity (shapechanger)
Dralmorrer Borngray,3,https://www.jsigvard.com/dnd/monster.php?m=Dralmorrer Borngray,Humanoid (high Elf)
Eternal Flame Priest,3,https://www.jsigvard.com/dnd/monster.php?m=Eternal Flame Priest,Humanoid (human)
Flail Snail,3,https://www.jsigvard.com/dnd/monster.php?m=Flail Snail,Elemental
Giant Lightning Eel,3,https://www.jsigvard.com/dnd/monster.php?m=Giant Lightning Eel,Beast
Giant Scorpion,3,https://www.jsigvard.com/dnd/monster.php?m=Giant Scorpion,Beast
Githyanki Warrior,3,https://www.jsigvard.com/dnd/monster.php?m=Githyanki Warrior,Humanoid (gith)
Gold Dragon Wyrmling,3,https://www.jsigvard.com/dnd/monster.php?m=Gold Dragon Wyrmling,Dragon
Green Hag,3,https://www.jsigvard.com/dnd/monster.php?m=Green Hag,Fey
Grell,3,https://www.jsigvard.com/dnd/monster.php?m=Grell,Aberration
Hell Hound,3,https://www.jsigvard.com/dnd/monster.php?m=Hell Hound,Fiend
Hobgoblin Captain,3,https://www.jsigvard.com/dnd/monster.php?m=Hobgoblin Captain,Humanoid (goblinoid)
Hook Horror,3,https://www.jsigvard.com/dnd/monster.php?m=Hook Horror,Monstrosity
Hook Horror Spore Servant,3,https://www.jsigvard.com/dnd/monster.php?m=Hook Horror Spore Servant,Plant
Illusionist,3,https://www.jsigvard.com/dnd/monster.php?m=Illusionist,Humanoid (any Race)
Kalka-Kylla,3,https://www.jsigvard.com/dnd/monster.php?m=Kalka-Kylla,Monstrosity
Killer Whale,3,https://www.jsigvard.com/dnd/monster.php?m=Killer Whale,Beast
Knight,3,https://www.jsigvard.com/dnd/monster.php?m=Knight,Humanoid (any Race)
Leucrotta,3,https://www.jsigvard.com/dnd/monster.php?m=Leucrotta,Monstrosity
Manticore,3,https://www.jsigvard.com/dnd/monster.php?m=Manticore,Monstrosity
Martial Arts Adept,3,https://www.jsigvard.com/dnd/monster.php?m=Martial Arts Adept,Humanoid (any Race)
Minotaur,3,https://www.jsigvard.com/dnd/monster.php?m=Minotaur,Monstrosity
Mormesk the Wraith,3,https://www.jsigvard.com/dnd/monster.php?m=Mormesk the Wraith,Undead
Mummy,3,https://www.jsigvard.com/dnd/monster.php?m=Mummy,Undead
Neogi,3,https://www.jsigvard.com/dnd/monster.php?m=Neogi,Aberration
Nightmare,3,https://www.jsigvard.com/dnd/monster.php?m=Nightmare,Fiend
One-Eyed Shiver,3,https://www.jsigvard.com/dnd/monster.php?m=One-Eyed Shiver,Humanoid (human)
Orc Red Fang of Shargaas,3,https://www.jsigvard.com/dnd/monster.php?m=Orc Red Fang of Shargaas,Humanoid (orc)
Owlbear,3,https://www.jsigvard.com/dnd/monster.php?m=Owlbear,Monstrosity
Pharblex Spattergoo,3,https://www.jsigvard.com/dnd/monster.php?m=Pharblex Spattergoo,Humanoid (bullywug)
Phase Spider,3,https://www.jsigvard.com/dnd/monster.php?m=Phase Spider,Monstrosity
Quaggoth Thonot,3,https://www.jsigvard.com/dnd/monster.php?m=Quaggoth Thonot,Humanoid (quaggoth)
Redcap,3,https://www.jsigvard.com/dnd/monster.php?m=Redcap,Fey
Siren,3,https://www.jsigvard.com/dnd/monster.php?m=Siren,Fey
Skyweaver,3,https://www.jsigvard.com/dnd/monster.php?m=Skyweaver,Humanoid (human)
Slithering Tracker,3,https://www.jsigvard.com/dnd/monster.php?m=Slithering Tracker,Ooze
Spectator,3,https://www.jsigvard.com/dnd/monster.php?m=Spectator,Aberration
Swashbuckler,3,https://www.jsigvard.com/dnd/monster.php?m=Swashbuckler,Humanoid (any Race)
Thurl Merosska,3,https://www.jsigvard.com/dnd/monster.php?m=Thurl Merosska,Humanoid (human)
Trapper,3,https://www.jsigvard.com/dnd/monster.php?m=Trapper,Monstrosity
Troglodyte Champion of Laogzed,3,https://www.jsigvard.com/dnd/monster.php?m=Troglodyte Champion of Laogzed,Humanoid (troglodyte)
Vampiric Mist,3,https://www.jsigvard.com/dnd/monster.php?m=Vampiric Mist,Undead
Veteran,3,https://www.jsigvard.com/dnd/monster.php?m=Veteran,Humanoid (any Race)
Water Weird,3,https://www.jsigvard.com/dnd/monster.php?m=Water Weird,Elemental
Werewolf,3,https://www.jsigvard.com/dnd/monster.php?m=Werewolf,Humanoid (human, Shapechanger)
Wight,3,https://www.jsigvard.com/dnd/monster.php?m=Wight,Undead
Windharrow,3,https://www.jsigvard.com/dnd/monster.php?m=Windharrow,Humanoid (half-elf)
Winter Wolf,3,https://www.jsigvard.com/dnd/monster.php?m=Winter Wolf,Monstrosity
Yakfolk Warrior,3,https://www.jsigvard.com/dnd/monster.php?m=Yakfolk Warrior,Monstrosity
Yeti,3,https://www.jsigvard.com/dnd/monster.php?m=Yeti,Monstrosity
Yuan-ti Malison Type 1,3,https://www.jsigvard.com/dnd/monster.php?m=Yuan-ti Malison Type 1,Monstrosity (shapechanger, Yuan-ti)
Yuan-ti Malison Type 2,3,https://www.jsigvard.com/dnd/monster.php?m=Yuan-ti Malison Type 2,Monstrosity (shapechanger, Yuan-ti)
Yuan-ti Malison Type 3,3,https://www.jsigvard.com/dnd/monster.php?m=Yuan-ti Malison Type 3,Monstrosity (shapechanger, Yuan-ti)
Azbara Jos,4,https://www.jsigvard.com/dnd/monster.php?m=Azbara Jos,Humanoid (human)
Babau,4,https://www.jsigvard.com/dnd/monster.php?m=Babau,Fiend (demon)
Banshee,4,https://www.jsigvard.com/dnd/monster.php?m=Banshee,Undead
Barghest,4,https://www.jsigvard.com/dnd/monster.php?m=Barghest,Fiend (shapechanger)
Black Pudding,4,https://www.jsigvard.com/dnd/monster.php?m=Black Pudding,Ooze
Bone Naga (Guardian),4,https://www.jsigvard.com/dnd/monster.php?m=Bone Naga (Guardian),Undead
Bone Naga (Spirit),4,https://www.jsigvard.com/dnd/monster.php?m=Bone Naga (Spirit),Undead
Burrowshark,4,https://www.jsigvard.com/dnd/monster.php?m=Burrowshark,Humanoid (human)
Chuul,4,https://www.jsigvard.com/dnd/monster.php?m=Chuul,Aberration
Chuul Spore Servant,4,https://www.jsigvard.com/dnd/monster.php?m=Chuul Spore Servant,Plant
Couatl,4,https://www.jsigvard.com/dnd/monster.php?m=Couatl,Celestial
Elephant,4,https://www.jsigvard.com/dnd/monster.php?m=Elephant,Beast
Ettin,4,https://www.jsigvard.com/dnd/monster.php?m=Ettin,Giant
Flameskull,4,https://www.jsigvard.com/dnd/monster.php?m=Flameskull,Undead
Ghost,4,https://www.jsigvard.com/dnd/monster.php?m=Ghost,Undead
Giant Subterranean Lizard,4,https://www.jsigvard.com/dnd/monster.php?m=Giant Subterranean Lizard,Beast
Girallon,4,https://www.jsigvard.com/dnd/monster.php?m=Girallon,Monstrosity
Gnoll Fang of Yeenoghu,4,https://www.jsigvard.com/dnd/monster.php?m=Gnoll Fang of Yeenoghu,Humanoid (gnoll)
Helmed Horror,4,https://www.jsigvard.com/dnd/monster.php?m=Helmed Horror,Construct
Hobgoblin Devastator,4,https://www.jsigvard.com/dnd/monster.php?m=Hobgoblin Devastator,Humanoid (goblinoid)
Kelpie,4,https://www.jsigvard.com/dnd/monster.php?m=Kelpie,Plant
Lamia,4,https://www.jsigvard.com/dnd/monster.php?m=Lamia,Monstrosity
Langdedrosa Cyanwrath,4,https://www.jsigvard.com/dnd/monster.php?m=Langdedrosa Cyanwrath,Humanoid (half-dragon)
Lizard King/Queen,4,https://www.jsigvard.com/dnd/monster.php?m=Lizard King/Queen,Humanoid (lizardfolk)
Neogi Master,4,https://www.jsigvard.com/dnd/monster.php?m=Neogi Master,Aberration
Orc Blade of Ilneval,4,https://www.jsigvard.com/dnd/monster.php?m=Orc Blade of Ilneval,Humanoid (orc)
Orc War Chief,4,https://www.jsigvard.com/dnd/monster.php?m=Orc War Chief,Humanoid (orc)
Red Dragon Wyrmling,4,https://www.jsigvard.com/dnd/monster.php?m=Red Dragon Wyrmling,Dragon
Shadow Demon,4,https://www.jsigvard.com/dnd/monster.php?m=Shadow Demon,Fiend (demon)
Shoalar Quanderil,4,https://www.jsigvard.com/dnd/monster.php?m=Shoalar Quanderil,Humanoid (water Genasi)
Stegosaurus,4,https://www.jsigvard.com/dnd/monster.php?m=Stegosaurus,Beast
Stonemelder,4,https://www.jsigvard.com/dnd/monster.php?m=Stonemelder,Humanoid (human)
Succubus/Incubus,4,https://www.jsigvard.com/dnd/monster.php?m=Succubus/Incubus,Fiend (shapechanger)
The Pudding King,4,https://www.jsigvard.com/dnd/monster.php?m=The Pudding King,Humanoid (gnome, Shapechanger)
Warlock of the Archfey,4,https://www.jsigvard.com/dnd/monster.php?m=Warlock of the Archfey,Humanoid (any Race)
Wereboar,4,https://www.jsigvard.com/dnd/monster.php?m=Wereboar,Humanoid (human, Shapechanger)
Weretiger,4,https://www.jsigvard.com/dnd/monster.php?m=Weretiger,Humanoid (human, Shapechanger)
Yakfolk Priest,4,https://www.jsigvard.com/dnd/monster.php?m=Yakfolk Priest,Monstrosity
Yestabrod,4,https://www.jsigvard.com/dnd/monster.php?m=Yestabrod,Monstrosity
Yeth Hound,4,https://www.jsigvard.com/dnd/monster.php?m=Yeth Hound,Fey
Yuan-ti Mind Whisperer,4,https://www.jsigvard.com/dnd/monster.php?m=Yuan-ti Mind Whisperer,Monstrosity (shapechanger, Yuan-ti)
Yuan-ti Nightmare Speaker,4,https://www.jsigvard.com/dnd/monster.php?m=Yuan-ti Nightmare Speaker,Monstrosity (shapechanger, Yuan-ti)
Air Elemental,5,https://www.jsigvard.com/dnd/monster.php?m=Air Elemental,Elemental
Banderhobb,5,https://www.jsigvard.com/dnd/monster.php?m=Banderhobb,Monstrosity
Barbed Devil,5,https://www.jsigvard.com/dnd/monster.php?m=Barbed Devil,Fiend (devil)
Barlgura,5,https://www.jsigvard.com/dnd/monster.php?m=Barlgura,Fiend (demon)
Beholder Zombie,5,https://www.jsigvard.com/dnd/monster.php?m=Beholder Zombie,Undead
Brontosaurus,5,https://www.jsigvard.com/dnd/monster.php?m=Brontosaurus,Beast
Bulette,5,https://www.jsigvard.com/dnd/monster.php?m=Bulette,Monstrosity
Cambion,5,https://www.jsigvard.com/dnd/monster.php?m=Cambion,Fiend
Captain Othelstan,5,https://www.jsigvard.com/dnd/monster.php?m=Captain Othelstan,Humanoid (human)
Catoblepas,5,https://www.jsigvard.com/dnd/monster.php?m=Catoblepas,Monstrosity
Dragonfang,5,https://www.jsigvard.com/dnd/monster.php?m=Dragonfang,Humanoid (human)
Drow Elite Warrior,5,https://www.jsigvard.com/dnd/monster.php?m=Drow Elite Warrior,Humanoid (elf)
Earth Elemental,5,https://www.jsigvard.com/dnd/monster.php?m=Earth Elemental,Elemental
Elizar Dryflagon,5,https://www.jsigvard.com/dnd/monster.php?m=Elizar Dryflagon,Humanoid (human)
Enchanter,5,https://www.jsigvard.com/dnd/monster.php?m=Enchanter,Humanoid (any Race)
Fire Elemental,5,https://www.jsigvard.com/dnd/monster.php?m=Fire Elemental,Elemental
Flesh Golem,5,https://www.jsigvard.com/dnd/monster.php?m=Flesh Golem,Construct
Giant Crocodile,5,https://www.jsigvard.com/dnd/monster.php?m=Giant Crocodile,Beast
Giant Shark,5,https://www.jsigvard.com/dnd/monster.php?m=Giant Shark,Beast
Gladiator,5,https://www.jsigvard.com/dnd/monster.php?m=Gladiator,Humanoid (any Race)
Gorgon,5,https://www.jsigvard.com/dnd/monster.php?m=Gorgon,Monstrosity
Greater Zombie,5,https://www.jsigvard.com/dnd/monster.php?m=Greater Zombie,Undead
Half-Red Dragon Veteran,5,https://www.jsigvard.com/dnd/monster.php?m=Half-Red Dragon Veteran,Humanoid (human)
Hellenrae,5,https://www.jsigvard.com/dnd/monster.php?m=Hellenrae,Humanoid (human)
Hill Giant,5,https://www.jsigvard.com/dnd/monster.php?m=Hill Giant,Giant
Hulking Crab,5,https://www.jsigvard.com/dnd/monster.php?m=Hulking Crab,Beast
Izek Strazni,5,https://www.jsigvard.com/dnd/monster.php?m=Izek Strazni,Humanoid (human)
Kraken Priest,5,https://www.jsigvard.com/dnd/monster.php?m=Kraken Priest,Humanoid (any Race)
Master Thief,5,https://www.jsigvard.com/dnd/monster.php?m=Master Thief,Humanoid (any Race)
Mezzoloth,5,https://www.jsigvard.com/dnd/monster.php?m=Mezzoloth,Fiend (yugoloth)
Mindwitness,5,https://www.jsigvard.com/dnd/monster.php?m=Mindwitness,Aberration
Night Hag,5,https://www.jsigvard.com/dnd/monster.php?m=Night Hag,Fiend
Otyugh,5,https://www.jsigvard.com/dnd/monster.php?m=Otyugh,Aberration
Razerblast,5,https://www.jsigvard.com/dnd/monster.php?m=Razerblast,Humanoid (human)
Red Slaad,5,https://www.jsigvard.com/dnd/monster.php?m=Red Slaad,Aberration
Revenant,5,https://www.jsigvard.com/dnd/monster.php?m=Revenant,Undead
Rictavio,5,https://www.jsigvard.com/dnd/monster.php?m=Rictavio,Humanoid (human)
Roper,5,https://www.jsigvard.com/dnd/monster.php?m=Roper,Monstrosity
Sahuagin Baron,5,https://www.jsigvard.com/dnd/monster.php?m=Sahuagin Baron,Humanoid (sahuagin)
Salamander,5,https://www.jsigvard.com/dnd/monster.php?m=Salamander,Elemental
Sea Lion,5,https://www.jsigvard.com/dnd/monster.php?m=Sea Lion,Monstrosity
Shambling Mound,5,https://www.jsigvard.com/dnd/monster.php?m=Shambling Mound,Plant
Spawn of Kyuss,5,https://www.jsigvard.com/dnd/monster.php?m=Spawn of Kyuss,Undead
Swarm of Cranium Rats,5,https://www.jsigvard.com/dnd/monster.php?m=Swarm of Cranium Rats,Swarm
Talis the White,5,https://www.jsigvard.com/dnd/monster.php?m=Talis the White,Humanoid (half-elf)
Tanarukk,5,https://www.jsigvard.com/dnd/monster.php?m=Tanarukk,Fiend (demon, Orc)
Tlincalli,5,https://www.jsigvard.com/dnd/monster.php?m=Tlincalli,Monstrosity
Transmuter,5,https://www.jsigvard.com/dnd/monster.php?m=Transmuter,Humanoid (any Race)
Triceratops,5,https://www.jsigvard.com/dnd/monster.php?m=Triceratops,Beast
Troll,5,https://www.jsigvard.com/dnd/monster.php?m=Troll,Giant
Umber Hulk,5,https://www.jsigvard.com/dnd/monster.php?m=Umber Hulk,Monstrosity
Unicorn,5,https://www.jsigvard.com/dnd/monster.php?m=Unicorn,Celestial
Vampire Spawn,5,https://www.jsigvard.com/dnd/monster.php?m=Vampire Spawn,Undead
Water Elemental,5,https://www.jsigvard.com/dnd/monster.php?m=Water Elemental,Elemental
Werebear,5,https://www.jsigvard.com/dnd/monster.php?m=Werebear,Humanoid (human, Shapechanger)
Wood Woad,5,https://www.jsigvard.com/dnd/monster.php?m=Wood Woad,Plant
Wraith,5,https://www.jsigvard.com/dnd/monster.php?m=Wraith,Undead
Xorn,5,https://www.jsigvard.com/dnd/monster.php?m=Xorn,Elemental
Young Remorhaz,5,https://www.jsigvard.com/dnd/monster.php?m=Young Remorhaz,Monstrosity
Yuan-ti Pit Master,5,https://www.jsigvard.com/dnd/monster.php?m=Yuan-ti Pit Master,Monstrosity (shapechanger, Yuan-ti)
Annis Hag,6,https://www.jsigvard.com/dnd/monster.php?m=Annis Hag,Fey
Bodak,6,https://www.jsigvard.com/dnd/monster.php?m=Bodak,Undead
Centaur Mummy,6,https://www.jsigvard.com/dnd/monster.php?m=Centaur Mummy,Undead
Chasme,6,https://www.jsigvard.com/dnd/monster.php?m=Chasme,Fiend (demon)
Chimera,6,https://www.jsigvard.com/dnd/monster.php?m=Chimera,Monstrosity
Conjurer,6,https://www.jsigvard.com/dnd/monster.php?m=Conjurer,Humanoid (any Race)
Cyclops,6,https://www.jsigvard.com/dnd/monster.php?m=Cyclops,Giant
Drider,6,https://www.jsigvard.com/dnd/monster.php?m=Drider,Monstrosity
Drider Spellcaster,6,https://www.jsigvard.com/dnd/monster.php?m=Drider Spellcaster,Monstrosity
Flamewrath,6,https://www.jsigvard.com/dnd/monster.php?m=Flamewrath,Humanoid (human)
Galeb Duhr,6,https://www.jsigvard.com/dnd/monster.php?m=Galeb Duhr,Elemental
Gauth,6,https://www.jsigvard.com/dnd/monster.php?m=Gauth,Aberration
Githzerai Zerth,6,https://www.jsigvard.com/dnd/monster.php?m=Githzerai Zerth,Humanoid (gith)
Hobgoblin Warlord,6,https://www.jsigvard.com/dnd/monster.php?m=Hobgoblin Warlord,Humanoid (goblinoid)
Invisible Stalker,6,https://www.jsigvard.com/dnd/monster.php?m=Invisible Stalker,Elemental
Kuo-Toa Archpriest,6,https://www.jsigvard.com/dnd/monster.php?m=Kuo-Toa Archpriest,Humanoid (kuo-toa)
Mage,6,https://www.jsigvard.com/dnd/monster.php?m=Mage,Humanoid (any Race)
Mammoth,6,https://www.jsigvard.com/dnd/monster.php?m=Mammoth,Beast
Medusa,6,https://www.jsigvard.com/dnd/monster.php?m=Medusa,Monstrosity
Miraj Vizann,6,https://www.jsigvard.com/dnd/monster.php?m=Miraj Vizann,Humanoid (earth Genasi)
Mouth of Grolantor,6,https://www.jsigvard.com/dnd/monster.php?m=Mouth of Grolantor,Giant (hill Giant)
Rath Modar,6,https://www.jsigvard.com/dnd/monster.php?m=Rath Modar,Humanoid (human)
Strahd's Animated Armor,6,https://www.jsigvard.com/dnd/monster.php?m=Strahd,Construct
Vrock,6,https://www.jsigvard.com/dnd/monster.php?m=Vrock,Fiend (demon)
Warlock of the Great Old One,6,https://www.jsigvard.com/dnd/monster.php?m=Warlock of the Great Old One,Humanoid (any Race)
Wyvern,6,https://www.jsigvard.com/dnd/monster.php?m=Wyvern,Dragon
Young Brass Dragon,6,https://www.jsigvard.com/dnd/monster.php?m=Young Brass Dragon,Dragon
Young White Dragon,6,https://www.jsigvard.com/dnd/monster.php?m=Young White Dragon,Dragon
Aerisi Kalinoth,7,https://www.jsigvard.com/dnd/monster.php?m=Aerisi Kalinoth,Humanoid (elf)
Air Elemental Myrmidon,7,https://www.jsigvard.com/dnd/monster.php?m=Air Elemental Myrmidon,Elemental
Bheur Hag,7,https://www.jsigvard.com/dnd/monster.php?m=Bheur Hag,Fey
Blue Slaad,7,https://www.jsigvard.com/dnd/monster.php?m=Blue Slaad,Aberration
Draegloth,7,https://www.jsigvard.com/dnd/monster.php?m=Draegloth,Fiend (demon)
Dragonsoul,7,https://www.jsigvard.com/dnd/monster.php?m=Dragonsoul,Humanoid (human)
Drannin Splithelm,7,https://www.jsigvard.com/dnd/monster.php?m=Drannin Splithelm,Humanoid (shield Dwarf)
Drow Mage,7,https://www.jsigvard.com/dnd/monster.php?m=Drow Mage,Humanoid (elf)
Earth Elemental Myrmidon,7,https://www.jsigvard.com/dnd/monster.php?m=Earth Elemental Myrmidon,Elemental
Fire Elemental Myrmidon,7,https://www.jsigvard.com/dnd/monster.php?m=Fire Elemental Myrmidon,Elemental
Ghald,7,https://www.jsigvard.com/dnd/monster.php?m=Ghald,Humanoid (sahuagin)
Giant Ape,7,https://www.jsigvard.com/dnd/monster.php?m=Giant Ape,Beast
Grick Alpha,7,https://www.jsigvard.com/dnd/monster.php?m=Grick Alpha,Monstrosity
Korred,7,https://www.jsigvard.com/dnd/monster.php?m=Korred,Fey
Mind Flayer,7,https://www.jsigvard.com/dnd/monster.php?m=Mind Flayer,Aberration
Oni,7,https://www.jsigvard.com/dnd/monster.php?m=Oni,Giant
Rezmir,7,https://www.jsigvard.com/dnd/monster.php?m=Rezmir,Humanoid (half-black Dragon)
Shield Guardian,7,https://www.jsigvard.com/dnd/monster.php?m=Shield Guardian,Construct
Stone Giant,7,https://www.jsigvard.com/dnd/monster.php?m=Stone Giant,Giant
Tree Blight,7,https://www.jsigvard.com/dnd/monster.php?m=Tree Blight,Plant
Vladimir Horngaard,7,https://www.jsigvard.com/dnd/monster.php?m=Vladimir Horngaard,Undead
Warlock of the Fiend,7,https://www.jsigvard.com/dnd/monster.php?m=Warlock of the Fiend,Humanoid (any Race)
Water Elemental Myrmidon,7,https://www.jsigvard.com/dnd/monster.php?m=Water Elemental Myrmidon,Elemental
Young Black Dragon,7,https://www.jsigvard.com/dnd/monster.php?m=Young Black Dragon,Dragon
Young Copper Dragon,7,https://www.jsigvard.com/dnd/monster.php?m=Young Copper Dragon,Dragon
Yuan-ti Abomination,7,https://www.jsigvard.com/dnd/monster.php?m=Yuan-ti Abomination,Monstrosity (shapechanger, Yuan-ti)
Assassin,8,https://www.jsigvard.com/dnd/monster.php?m=Assassin,Humanoid (any Race)
Bastian Thermandar,8,https://www.jsigvard.com/dnd/monster.php?m=Bastian Thermandar,Humanoid (fire Genasi)
Blackguard,8,https://www.jsigvard.com/dnd/monster.php?m=Blackguard,Humanoid (any Race)
Cloaker,8,https://www.jsigvard.com/dnd/monster.php?m=Cloaker,Aberration
Diviner,8,https://www.jsigvard.com/dnd/monster.php?m=Diviner,Humanoid (any Race)
Drow Priestess of Lolth,8,https://www.jsigvard.com/dnd/monster.php?m=Drow Priestess of Lolth,Humanoid (elf)
Ezmerelda d'Avenir,8,https://www.jsigvard.com/dnd/monster.php?m=Ezmerelda d,Humanoid (human)
Fomorian,8,https://www.jsigvard.com/dnd/monster.php?m=Fomorian,Giant
Frost Giant,8,https://www.jsigvard.com/dnd/monster.php?m=Frost Giant,Giant
Githyanki Knight,8,https://www.jsigvard.com/dnd/monster.php?m=Githyanki Knight,Humanoid (gith)
Green Slaad,8,https://www.jsigvard.com/dnd/monster.php?m=Green Slaad,Aberration (shapechanger)
Hezrou,8,https://www.jsigvard.com/dnd/monster.php?m=Hezrou,Fiend (demon)
Hydra,8,https://www.jsigvard.com/dnd/monster.php?m=Hydra,Monstrosity
Marlos Urnrayle,8,https://www.jsigvard.com/dnd/monster.php?m=Marlos Urnrayle,Monstrosity
Mind Flayer Arcanist,8,https://www.jsigvard.com/dnd/monster.php?m=Mind Flayer Arcanist,Aberration
Mind Flayer Psion,8,https://www.jsigvard.com/dnd/monster.php?m=Mind Flayer Psion,Aberration
Shoosuva,8,https://www.jsigvard.com/dnd/monster.php?m=Shoosuva,Fiend (demon)
Spirit Naga,8,https://www.jsigvard.com/dnd/monster.php?m=Spirit Naga,Monstrosity
Tyrannosaurus Rex,8,https://www.jsigvard.com/dnd/monster.php?m=Tyrannosaurus Rex,Beast
Young Bronze Dragon,8,https://www.jsigvard.com/dnd/monster.php?m=Young Bronze Dragon,Dragon
Young Green Dragon,8,https://www.jsigvard.com/dnd/monster.php?m=Young Green Dragon,Dragon
Abjurer,9,https://www.jsigvard.com/dnd/monster.php?m=Abjurer,Humanoid (any Race)
Abominable Yeti,9,https://www.jsigvard.com/dnd/monster.php?m=Abominable Yeti,Monstrosity
Blagothkus,9,https://www.jsigvard.com/dnd/monster.php?m=Blagothkus,Giant (cloud Giant)
Champion,9,https://www.jsigvard.com/dnd/monster.php?m=Champion,Humanoid (any Race)
Clay Golem,9,https://www.jsigvard.com/dnd/monster.php?m=Clay Golem,Construct
Cloud Giant,9,https://www.jsigvard.com/dnd/monster.php?m=Cloud Giant,Giant
Evoker,9,https://www.jsigvard.com/dnd/monster.php?m=Evoker,Humanoid (any Race)
Fire Giant,9,https://www.jsigvard.com/dnd/monster.php?m=Fire Giant,Giant
Flind,9,https://www.jsigvard.com/dnd/monster.php?m=Flind,Humanoid (gnoll)
Gar Shatterkeel,9,https://www.jsigvard.com/dnd/monster.php?m=Gar Shatterkeel,Humanoid (human)
Glabrezu,9,https://www.jsigvard.com/dnd/monster.php?m=Glabrezu,Fiend (demon)
Gray Slaad,9,https://www.jsigvard.com/dnd/monster.php?m=Gray Slaad,Aberration (shapechanger)
Necromancer,9,https://www.jsigvard.com/dnd/monster.php?m=Necromancer,Humanoid (any Race)
Neronvain,9,https://www.jsigvard.com/dnd/monster.php?m=Neronvain,Humanoid (elf)
Nycaloth,9,https://www.jsigvard.com/dnd/monster.php?m=Nycaloth,Fiend (yugoloth)
Treant,9,https://www.jsigvard.com/dnd/monster.php?m=Treant,Plant
Ulitharid,9,https://www.jsigvard.com/dnd/monster.php?m=Ulitharid,Aberration
Vanifer,9,https://www.jsigvard.com/dnd/monster.php?m=Vanifer,Humanoid (tiefling)
War Priest,9,https://www.jsigvard.com/dnd/monster.php?m=War Priest,Humanoid (any Race)
Young Blue Dragon,9,https://www.jsigvard.com/dnd/monster.php?m=Young Blue Dragon,Dragon
Young Silver Dragon,9,https://www.jsigvard.com/dnd/monster.php?m=Young Silver Dragon,Dragon
Aboleth,10,https://www.jsigvard.com/dnd/monster.php?m=Aboleth,Aberration
Alhoon,10,https://www.jsigvard.com/dnd/monster.php?m=Alhoon,Undead
Death Kiss,10,https://www.jsigvard.com/dnd/monster.php?m=Death Kiss,Aberration
Death Slaad,10,https://www.jsigvard.com/dnd/monster.php?m=Death Slaad,Aberration (shapechanger)
Deva,10,https://www.jsigvard.com/dnd/monster.php?m=Deva,Celestial
Froghemoth,10,https://www.jsigvard.com/dnd/monster.php?m=Froghemoth,Monstrosity
Guardian Naga,10,https://www.jsigvard.com/dnd/monster.php?m=Guardian Naga,Monstrosity
Madam Eva,10,https://www.jsigvard.com/dnd/monster.php?m=Madam Eva,Humanoid (human)
Malformed Kraken,10,https://www.jsigvard.com/dnd/monster.php?m=Malformed Kraken,Monstrosity
Ooze Master,10,https://www.jsigvard.com/dnd/monster.php?m=Ooze Master,Undead
Rahadin,10,https://www.jsigvard.com/dnd/monster.php?m=Rahadin,Humanoid (elf)
Stone Giant Dreamwalker,10,https://www.jsigvard.com/dnd/monster.php?m=Stone Giant Dreamwalker,Giant (stone Giant)
Stone Golem,10,https://www.jsigvard.com/dnd/monster.php?m=Stone Golem,Construct
White Maw,10,https://www.jsigvard.com/dnd/monster.php?m=White Maw,Ooze
Yochlol,10,https://www.jsigvard.com/dnd/monster.php?m=Yochlol,Fiend (demon)
Young Gold Dragon,10,https://www.jsigvard.com/dnd/monster.php?m=Young Gold Dragon,Dragon
Young Red Dragon,10,https://www.jsigvard.com/dnd/monster.php?m=Young Red Dragon,Dragon
Baba Lysaga,11,https://www.jsigvard.com/dnd/monster.php?m=Baba Lysaga,Humanoid (human, Shapechanger)
Baba Lysaga's Creeping Hut,11,https://www.jsigvard.com/dnd/monster.php?m=Baba Lysaga,Construct
Behir,11,https://www.jsigvard.com/dnd/monster.php?m=Behir,Monstrosity
Chain Devil,11,https://www.jsigvard.com/dnd/monster.php?m=Chain Devil,Fiend (devil)
Cloud Giant Smiling One,11,https://www.jsigvard.com/dnd/monster.php?m=Cloud Giant Smiling One,Giant (cloud Giant)
Dao,11,https://www.jsigvard.com/dnd/monster.php?m=Dao,Elemental
Djinni,11,https://www.jsigvard.com/dnd/monster.php?m=Djinni,Elemental
Efreeti,11,https://www.jsigvard.com/dnd/monster.php?m=Efreeti,Elemental
Gynosphinx,11,https://www.jsigvard.com/dnd/monster.php?m=Gynosphinx,Monstrosity
Horned Devil,11,https://www.jsigvard.com/dnd/monster.php?m=Horned Devil,Fiend (devil)
Marid,11,https://www.jsigvard.com/dnd/monster.php?m=Marid,Elemental
Morkoth,11,https://www.jsigvard.com/dnd/monster.php?m=Morkoth,Aberration
Naergoth Bladelord,11,https://www.jsigvard.com/dnd/monster.php?m=Naergoth Bladelord,Undead
Remorhaz,11,https://www.jsigvard.com/dnd/monster.php?m=Remorhaz,Monstrosity
Roc,11,https://www.jsigvard.com/dnd/monster.php?m=Roc,Monstrosity
Severin,11,https://www.jsigvard.com/dnd/monster.php?m=Severin,Humanoid (human)
Arcanaloth,12,https://www.jsigvard.com/dnd/monster.php?m=Arcanaloth,Fiend (yugoloth)
Archdruid,12,https://www.jsigvard.com/dnd/monster.php?m=Archdruid,Humanoid (any Race)
Archmage,12,https://www.jsigvard.com/dnd/monster.php?m=Archmage,Humanoid (any Race)
Bone Devil,12,https://www.jsigvard.com/dnd/monster.php?m=Bone Devil,Fiend (devil)
Bone Devil Polearm,12,https://www.jsigvard.com/dnd/monster.php?m=Bone Devil Polearm,Fiend (devil)
Erinyes,12,https://www.jsigvard.com/dnd/monster.php?m=Erinyes,Fiend (devil)
Frost Giant Everlasting One,12,https://www.jsigvard.com/dnd/monster.php?m=Frost Giant Everlasting One,Giant (frost Giant)
Ki-rin,12,https://www.jsigvard.com/dnd/monster.php?m=Ki-rin,Celestial
Warlord,12,https://www.jsigvard.com/dnd/monster.php?m=Warlord,Humanoid (any Race)
Yuan-ti Anathema,12,https://www.jsigvard.com/dnd/monster.php?m=Yuan-ti Anathema,Monstrosity (shapechanger, Yuan-ti)
Adult Brass Dragon,13,https://www.jsigvard.com/dnd/monster.php?m=Adult Brass Dragon,Dragon
Adult White Dragon,13,https://www.jsigvard.com/dnd/monster.php?m=Adult White Dragon,Dragon
Beholder,13,https://www.jsigvard.com/dnd/monster.php?m=Beholder,Aberration
Devourer,13,https://www.jsigvard.com/dnd/monster.php?m=Devourer,Fiend
Nalfeshnee,13,https://www.jsigvard.com/dnd/monster.php?m=Nalfeshnee,Fiend (demon)
Neothelid,13,https://www.jsigvard.com/dnd/monster.php?m=Neothelid,Aberration
Rakshasa,13,https://www.jsigvard.com/dnd/monster.php?m=Rakshasa,Fiend
Storm Giant,13,https://www.jsigvard.com/dnd/monster.php?m=Storm Giant,Giant
Tarul Var,13,https://www.jsigvard.com/dnd/monster.php?m=Tarul Var,Undead
Ultroloth,13,https://www.jsigvard.com/dnd/monster.php?m=Ultroloth,Fiend (yugoloth)
Vampire,13,https://www.jsigvard.com/dnd/monster.php?m=Vampire,Undead (shapechanger)
Young Red Shadow Dragon,13,https://www.jsigvard.com/dnd/monster.php?m=Young Red Shadow Dragon,Dragon
Adult Black Dragon,14,https://www.jsigvard.com/dnd/monster.php?m=Adult Black Dragon,Dragon
Adult Copper Dragon,14,https://www.jsigvard.com/dnd/monster.php?m=Adult Copper Dragon,Dragon
Death Tyrant,14,https://www.jsigvard.com/dnd/monster.php?m=Death Tyrant,Undead
Elder Brain,14,https://www.jsigvard.com/dnd/monster.php?m=Elder Brain,Aberration
Fire Giant Dreadnought,14,https://www.jsigvard.com/dnd/monster.php?m=Fire Giant Dreadnought,Giant (fire Giant)
Ice Devil,14,https://www.jsigvard.com/dnd/monster.php?m=Ice Devil,Fiend (devil)
Ice Devil Spear,14,https://www.jsigvard.com/dnd/monster.php?m=Ice Devil Spear,Fiend (devil)
Adult Bronze Dragon,15,https://www.jsigvard.com/dnd/monster.php?m=Adult Bronze Dragon,Dragon
Adult Green Dragon,15,https://www.jsigvard.com/dnd/monster.php?m=Adult Green Dragon,Dragon
Mummy Lord,15,https://www.jsigvard.com/dnd/monster.php?m=Mummy Lord,Undead
Purple Worm,15,https://www.jsigvard.com/dnd/monster.php?m=Purple Worm,Monstrosity
Strahd von Zarovich,15,https://www.jsigvard.com/dnd/monster.php?m=Strahd von Zarovich,Undead (shapechanger)
Vampire Spellcaster,15,https://www.jsigvard.com/dnd/monster.php?m=Vampire Spellcaster,Undead (shapechanger)
Vampire Warrior,15,https://www.jsigvard.com/dnd/monster.php?m=Vampire Warrior,Undead (shapechanger)
Adult Blue Dragon,16,https://www.jsigvard.com/dnd/monster.php?m=Adult Blue Dragon,Dragon
Adult Silver Dragon,16,https://www.jsigvard.com/dnd/monster.php?m=Adult Silver Dragon,Dragon
Iron Golem,16,https://www.jsigvard.com/dnd/monster.php?m=Iron Golem,Construct
Marilith,16,https://www.jsigvard.com/dnd/monster.php?m=Marilith,Fiend (demon)
Planetar,16,https://www.jsigvard.com/dnd/monster.php?m=Planetar,Celestial
Storm Giant Quintessent,16,https://www.jsigvard.com/dnd/monster.php?m=Storm Giant Quintessent,Giant (storm Giant)
Adult Blue Dracolich,17,https://www.jsigvard.com/dnd/monster.php?m=Adult Blue Dracolich,Undead
Adult Gold Dragon,17,https://www.jsigvard.com/dnd/monster.php?m=Adult Gold Dragon,Dragon
Adult Red Dragon,17,https://www.jsigvard.com/dnd/monster.php?m=Adult Red Dragon,Dragon
Androsphinx,17,https://www.jsigvard.com/dnd/monster.php?m=Androsphinx,Monstrosity
Death Knight,17,https://www.jsigvard.com/dnd/monster.php?m=Death Knight,Undead
Dragon Turtle,17,https://www.jsigvard.com/dnd/monster.php?m=Dragon Turtle,Dragon
Goristro,17,https://www.jsigvard.com/dnd/monster.php?m=Goristro,Fiend (demon)
Demilich,18,https://www.jsigvard.com/dnd/monster.php?m=Demilich,Undead
Olhydra,18,https://www.jsigvard.com/dnd/monster.php?m=Olhydra,Elemental
Yan-C-Bin,18,https://www.jsigvard.com/dnd/monster.php?m=Yan-C-Bin,Elemental
Balor,19,https://www.jsigvard.com/dnd/monster.php?m=Balor,Fiend (demon)
Imix,19,https://www.jsigvard.com/dnd/monster.php?m=Imix,Elemental
Ancient Brass Dragon,20,https://www.jsigvard.com/dnd/monster.php?m=Ancient Brass Dragon,Dragon
Ancient White Dragon,20,https://www.jsigvard.com/dnd/monster.php?m=Ancient White Dragon,Dragon
Ogremoch,20,https://www.jsigvard.com/dnd/monster.php?m=Ogremoch,Elemental
Pit Fiend,20,https://www.jsigvard.com/dnd/monster.php?m=Pit Fiend,Fiend (devil)
Ancient Black Dragon,21,https://www.jsigvard.com/dnd/monster.php?m=Ancient Black Dragon,Dragon
Ancient Copper Dragon,21,https://www.jsigvard.com/dnd/monster.php?m=Ancient Copper Dragon,Dragon
Lich,21,https://www.jsigvard.com/dnd/monster.php?m=Lich,Undead
Solar,21,https://www.jsigvard.com/dnd/monster.php?m=Solar,Celestial
Ancient Bronze Dragon,22,https://www.jsigvard.com/dnd/monster.php?m=Ancient Bronze Dragon,Dragon
Ancient Green Dragon,22,https://www.jsigvard.com/dnd/monster.php?m=Ancient Green Dragon,Dragon
Illithilich,22,https://www.jsigvard.com/dnd/monster.php?m=Illithilich,Undead
Ancient Blue Dragon,23,https://www.jsigvard.com/dnd/monster.php?m=Ancient Blue Dragon,Dragon
Ancient Silver Dragon,23,https://www.jsigvard.com/dnd/monster.php?m=Ancient Silver Dragon,Dragon
Baphomet,23,https://www.jsigvard.com/dnd/monster.php?m=Baphomet,Fiend (demon)
Empyrean,23,https://www.jsigvard.com/dnd/monster.php?m=Empyrean,Celestial (titan)
Fraz-Urb'luu,23,https://www.jsigvard.com/dnd/monster.php?m=Fraz-Urb,Fiend (demon)
Iymrith, Ancient Blue Dragon,23,https://www.jsigvard.com/dnd/monster.php?m=Iymrith, Ancient Blue Dragon,Dragon
Juiblex,23,https://www.jsigvard.com/dnd/monster.php?m=Juiblex,Fiend (demon)
Kraken,23,https://www.jsigvard.com/dnd/monster.php?m=Kraken,Monstrosity (titan)
Maegera the Dawn Titan,23,https://www.jsigvard.com/dnd/monster.php?m=Maegera the Dawn Titan,Elemental
Zuggtmoy,23,https://www.jsigvard.com/dnd/monster.php?m=Zuggtmoy,Fiend (demon)
Ancient Gold Dragon,24,https://www.jsigvard.com/dnd/monster.php?m=Ancient Gold Dragon,Dragon
Ancient Red Dragon,24,https://www.jsigvard.com/dnd/monster.php?m=Ancient Red Dragon,Dragon
Graz'zt,24,https://www.jsigvard.com/dnd/monster.php?m=Graz,Fiend (demon, Shapechanger)
Yeenoghu,24,https://www.jsigvard.com/dnd/monster.php?m=Yeenoghu,Fiend (demon)
Demogorgon,26,https://www.jsigvard.com/dnd/monster.php?m=Demogorgon,Fiend (demon)
Orcus,26,https://www.jsigvard.com/dnd/monster.php?m=Orcus,Fiend (demon)
Tarrasque,30,https://www.jsigvard.com/dnd/monster.php?m=Tarrasque,Monstrosity (titan)
Tiamat,30,https://www.jsigvard.com/dnd/monster.php?m=Tiamat,Fiend
